sprint,phase,record,recorded_title,classification,current_reference_or_planning
026,cross-cutting,docs/archive/phases/cross-cutting/SPRINT_026.md,Sprint 026 — Research Hot-Path Performance,implemented_slice,docs/reference/modules/RESEARCH.md
028,cross-cutting,docs/archive/phases/cross-cutting/SPRINT_028.md,Sprint 028 — Dashboard Application MVP,implemented_slice,docs/reference/modules/DASHBOARD_APPLICATION.md
029,cross-cutting,docs/archive/phases/cross-cutting/SPRINT_029.md,Sprint 029 — Repository Layout Foundations,implemented_slice,docs/reference/system/MODULE_MAP.md
030,cross-cutting,docs/archive/phases/cross-cutting/SPRINT_030.md,Sprint 030 — Repository Navigability Hygiene,documentation_only,docs/README.md
033,cross-cutting,docs/archive/phases/cross-cutting/SPRINT_033.md,Sprint 033 - Dashboard Presentation Polish,implemented_slice,docs/reference/modules/DASHBOARD_APPLICATION.md
034,cross-cutting,docs/archive/phases/cross-cutting/SPRINT_034.md,Sprint 034 - Public Dashboard Demo Polish,implemented_slice,docs/reference/modules/DASHBOARD_APPLICATION.md
035,cross-cutting,docs/archive/phases/cross-cutting/SPRINT_035.md,Sprint 035 - Next Increment Selection (post public demo),planning_only,docs/planning/ROADMAP.md
036,cross-cutting,docs/archive/phases/cross-cutting/SPRINT_036.md,Sprint 036 - Research Infra Audit (gate for DSL / components),decision_only,docs/adr/ADR-MA-014-marketframe-polars-committed-bulk-engine.md
037,cross-cutting,docs/archive/phases/cross-cutting/SPRINT_037.md,Sprint 037 — Component Libraries + DSL Simplification,implemented_slice,docs/reference/modules/MODELS_AND_DSL.md
038,cross-cutting,docs/archive/phases/cross-cutting/SPRINT_038.md,Sprint 038 — Session Range Structure,implemented_slice,docs/reference/modules/ANALYSIS_COMPONENT_CATALOG.md
053,cross-cutting,docs/archive/phases/cross-cutting/SPRINT_053.md,Sprint 053 — Repository Workflow & Documentation Hygiene (Phase A–D),documentation_only,docs/README.md
054,cross-cutting,docs/archive/phases/cross-cutting/SPRINT_054.md,Sprint 054 — Vision Reclassification and Reference Layering (Phase 6b + 10a),documentation_only,docs/vision/README.md
055,cross-cutting,docs/archive/phases/cross-cutting/SPRINT_055.md,Sprint 055 — Documentation Architecture Rebuild (High-Level to Low-Level),documentation_only,docs/README.md
001,phase-01-foundation,docs/archive/phases/phase-01-foundation/SPRINT_001.md,Sprint 001 — Repository Foundation,implemented_slice,docs/reference/system/SYSTEM_OVERVIEW.md
002,phase-02-market-data,docs/archive/phases/phase-02-market-data/SPRINT_002.md,Sprint 002 — Market Data MVP,implemented_slice,docs/reference/workflows/MARKET_DATA.md
011,phase-02-market-data,docs/archive/phases/phase-02-market-data/SPRINT_011.md,Sprint 011 — Historical Archive Import Foundation,implemented_slice,docs/reference/workflows/MARKET_DATA.md
012,phase-02-market-data,docs/archive/phases/phase-02-market-data/SPRINT_012.md,Sprint 012 — Derived OHLCV from Trades (Phase 2B.3),implemented_slice,docs/reference/workflows/MARKET_DATA.md
015,phase-02-market-data,docs/archive/phases/phase-02-market-data/SPRINT_015.md,Sprint 015 — Continuous Futures Materialization (Phase 2C.4),implemented_slice,docs/reference/workflows/MARKET_DATA.md
027,phase-02-market-data,docs/archive/phases/phase-02-market-data/SPRINT_027.md,Sprint 027 — Market Data Import / Continuous Build Performance,implemented_slice,docs/reference/workflows/MARKET_DATA.md
045,phase-02-market-data,docs/archive/phases/phase-02-market-data/SPRINT_045.md,Sprint 045 — Binance USD-M Historical OHLCV Ingestion (Phase 2F),implemented_slice,docs/reference/workflows/MARKET_DATA.md
003,phase-03-market-analysis,docs/archive/phases/phase-03-market-analysis/SPRINT_003.md,Sprint 003 — Market Analysis Engine MVP,implemented_slice,docs/reference/system/MARKET_ANALYSIS_ARCHITECTURE.md
004,phase-04-market-analysis-and-models,docs/archive/phases/phase-04-market-analysis-and-models/SPRINT_004.md,Sprint 004 — Multitimeframe Foundation MVP,implemented_slice,docs/reference/modules/MARKET_ANALYSIS_MODULE.md
005,phase-04-market-analysis-and-models,docs/archive/phases/phase-04-market-analysis-and-models/SPRINT_005.md,"Sprint 005 — Trading Calendar, Pivot Structure and Visual Inspection MVP",implemented_slice,docs/reference/modules/MARKET_ANALYSIS_MODULE.md
006,phase-04-market-analysis-and-models,docs/archive/phases/phase-04-market-analysis-and-models/SPRINT_006.md,Sprint 006 — Declarative Market Model and Signal Model MVP,implemented_slice,docs/reference/modules/MODELS_AND_DSL.md
007,phase-04-market-analysis-and-models,docs/archive/phases/phase-04-market-analysis-and-models/SPRINT_007.md,Sprint 007 — Research-Enabling Analytical Set,implemented_slice,docs/reference/modules/ANALYSIS_COMPONENT_CATALOG.md
008,phase-05-signal-research,docs/archive/phases/phase-05-signal-research/SPRINT_008.md,Sprint 008 — Signal Research Computation MVP,implemented_slice,docs/reference/workflows/SIGNAL_RESEARCH.md
009,phase-05-signal-research,docs/archive/phases/phase-05-signal-research/SPRINT_009.md,Sprint 009 — Market Model and Combined Research Scopes,implemented_slice,docs/reference/workflows/SIGNAL_RESEARCH.md
010,phase-05-signal-research,docs/archive/phases/phase-05-signal-research/SPRINT_010.md,Sprint 010 — Signal Research Analytics MVP,implemented_slice,docs/reference/workflows/SIGNAL_RESEARCH.md
017,phase-05-signal-research,docs/archive/phases/phase-05-signal-research/SPRINT_017.md,Sprint 017 — Model Research Methodology MVP,implemented_slice,docs/reference/workflows/SIGNAL_RESEARCH.md
013,phase-06-strategy-research,docs/archive/phases/phase-06-strategy-research/SPRINT_013.md,Sprint 013 — OHLCV Strategy Research MVP (Phase 6A),implemented_slice,docs/reference/workflows/STRATEGY_RESEARCH.md
014,phase-06-strategy-research,docs/archive/phases/phase-06-strategy-research/SPRINT_014.md,Sprint 014 — Strategy Research Dashboard (Phase 6A Inspection),implemented_slice,docs/reference/modules/DASHBOARD_APPLICATION.md
016,phase-07-robustness-research,docs/archive/phases/phase-07-robustness-research/SPRINT_016.md,Sprint 016 — Robustness Research MVP (Phase 7),implemented_slice,docs/reference/workflows/methodologies/ROBUSTNESS_RESEARCH.md
018,phase-08-dry-run-execution,docs/archive/phases/phase-08-dry-run-execution/SPRINT_018.md,Sprint 018 - Live Dry-Run Execution Planning and Contracts,decision_and_contract,docs/reference/workflows/STRATEGY_EXECUTION.md
019,phase-08-dry-run-execution,docs/archive/phases/phase-08-dry-run-execution/SPRINT_019.md,Sprint 019 - Binance BTC Futures Live Data Adapter,implemented_slice,docs/reference/workflows/STRATEGY_EXECUTION.md
020,phase-08-dry-run-execution,docs/archive/phases/phase-08-dry-run-execution/SPRINT_020.md,Sprint 020 - Local BTC Futures Dry-Run Runtime,implemented_slice,docs/reference/workflows/STRATEGY_EXECUTION.md
021,phase-08-dry-run-execution,docs/archive/phases/phase-08-dry-run-execution/SPRINT_021.md,Sprint 021 - Execution Persistence and Read Model,implemented_slice,docs/reference/workflows/STRATEGY_EXECUTION.md
022,phase-08-dry-run-execution,docs/archive/phases/phase-08-dry-run-execution/SPRINT_022.md,Sprint 022 - AWS Runtime MVP for BTC Futures Dry Run,implemented_slice,docs/reference/runbooks/AWS_BTC_FUTURES_DRY_RUN.md
023,phase-08-dry-run-execution,docs/archive/phases/phase-08-dry-run-execution/SPRINT_023.md,Sprint 023 - OVH Portfolio Live Dry-Run Dashboard,implemented_slice,docs/reference/modules/DASHBOARD_APPLICATION.md
024,phase-08-dry-run-execution,docs/archive/phases/phase-08-dry-run-execution/SPRINT_024.md,Sprint 024 - Dry-Run Reliability Wiring (re-scoped),implemented_slice,docs/reference/workflows/STRATEGY_EXECUTION.md
025,phase-08-dry-run-execution,docs/archive/phases/phase-08-dry-run-execution/SPRINT_025.md,Sprint 025 - Streamlit Dashboard Polish and VPS Publish,implemented_slice,docs/reference/modules/DASHBOARD_APPLICATION.md
031,phase-08-dry-run-execution,docs/archive/phases/phase-08-dry-run-execution/SPRINT_031.md,Sprint 031 — Live Paper in Dashboard,implemented_slice,docs/reference/modules/DASHBOARD_APPLICATION.md
032,phase-08-dry-run-execution,docs/archive/phases/phase-08-dry-run-execution/SPRINT_032.md,Sprint 032 — Live Strategy Evaluation Parity,implemented_slice,docs/reference/workflows/STRATEGY_EXECUTION.md
039,phase-10-predictive-research,docs/archive/phases/phase-10-predictive-research/SPRINT_039.md,Sprint 039 — Predictive Research Dataset Foundation (Phase 10A),implemented_slice,docs/reference/workflows/methodologies/PREDICTIVE_RESEARCH.md
040,phase-10-predictive-research,docs/archive/phases/phase-10-predictive-research/SPRINT_040.md,Sprint 040 — Baseline Regression and Classification (Phase 10A),implemented_slice,docs/reference/workflows/methodologies/PREDICTIVE_RESEARCH.md
041,phase-10-predictive-research,docs/archive/phases/phase-10-predictive-research/SPRINT_041.md,Sprint 041 — Predictive Research Report v1 (Phase 10A),implemented_slice,docs/reference/workflows/methodologies/PREDICTIVE_RESEARCH.md
042,phase-10-predictive-research,docs/archive/phases/phase-10-predictive-research/SPRINT_042.md,Sprint 042 — Tree-Based Predictive Models (Phase 10B),implemented_slice,docs/reference/workflows/methodologies/PREDICTIVE_RESEARCH.md
043,phase-10-predictive-research,docs/archive/phases/phase-10-predictive-research/SPRINT_043.md,Sprint 043 — Neural Predictive Models: Feedforward and LSTM (Phase 10C),implemented_slice,docs/reference/workflows/methodologies/PREDICTIVE_RESEARCH.md
044,phase-10-predictive-research,docs/archive/phases/phase-10-predictive-research/SPRINT_044.md,Sprint 044 — Predictive Research in the Dashboard and the IDEA-014 Gate (Phase 10C),implemented_slice,docs/reference/modules/DASHBOARD_APPLICATION.md
046,phase-11-operator-cli,docs/archive/phases/phase-11-operator-cli/SPRINT_046.md,"Sprint 046 — Universal Operator CLI (`trading-cli`, Phase 11)",implemented_slice,docs/reference/modules/OPERATOR_CLI.md
047,phase-12-strategy-authoring,docs/archive/phases/phase-12-strategy-authoring/SPRINT_047.md,Sprint 047 — Custom Strategy Authoring (Phase 12),implemented_slice,docs/reference/modules/STRATEGY_AUTHORING.md
048,phase-13-exit-and-risk,docs/archive/phases/phase-13-exit-and-risk/SPRINT_048.md,"Sprint 048 — Exit/Risk Model Expansion, Catalog Growth and New Strategies (Phase 13)",implemented_slice,docs/reference/modules/STRATEGY_EXAMPLES.md
049,phase-14-predictive-promotion,docs/archive/phases/phase-14-predictive-promotion/SPRINT_049.md,Sprint 049 — Promotable Predictive Artifact (Phase 14A),implemented_slice,docs/reference/modules/PREDICTIVE_PROMOTION.md
051,phase-15-predictive-catalog,docs/archive/phases/phase-15-predictive-catalog/SPRINT_051.md,Sprint 051 — Momentum and Regime Component Catalog (Phase 15A),implemented_slice,docs/reference/modules/ANALYSIS_COMPONENT_CATALOG.md
052,phase-15-predictive-catalog,docs/archive/phases/phase-15-predictive-catalog/SPRINT_052.md,Sprint 052 — Real-Data BTC Predictive Study (Phase 15B),implemented_slice,docs/reference/examples/BTC_PREDICTIVE_STUDY.md
056,phase-16-research-workbench,docs/archive/phases/phase-16-research-workbench/SPRINT_056.md,"Sprint 056 — SampleSpec Foundation (Phase 16, Increment 16B)",implemented_slice,docs/reference/workflows/methodologies/PREDICTIVE_RESEARCH.md
057,phase-16-research-workbench,docs/archive/phases/phase-16-research-workbench/SPRINT_057.md,"Sprint 057 — Analyst Verdict Artifact (Phase 16, Increment 16A)",implemented_slice,docs/reference/PREDICTIVE_VERDICT.md
058,phase-16-research-workbench,docs/archive/phases/phase-16-research-workbench/SPRINT_058.md,"Sprint 058: Signal Quality Scoring (Phase 16, increment 16C)",implemented_slice,docs/reference/examples/BTC_SIGNAL_QUALITY_STUDY.md
059,phase-16-research-workbench,docs/archive/phases/phase-16-research-workbench/SPRINT_059.md,"Sprint 059: Portfolio Publication Foundation (Phase 16, increment 16D)",implemented_slice,docs/reference/modules/DASHBOARD_APPLICATION.md
060,phase-16-research-workbench,docs/archive/phases/phase-16-research-workbench/SPRINT_060.md,"Sprint 060: Signal Quality Portfolio Evidence (Phase 16, increment 16D)",implemented_slice,docs/reference/modules/DASHBOARD_APPLICATION.md
061,phase-16-research-workbench,docs/archive/phases/phase-16-research-workbench/SPRINT_061.md,"Sprint 061: Portfolio Story, Content and Direction Completion",implemented_slice,docs/reference/modules/DASHBOARD_APPLICATION.md
